source,target
ego,u01
ego,u02
ego,u03
ego,u04
ego,u05
ego,u06
ego,u07
ego,u08
ego,u09
ego,u10
ego,u11
ego,u12
ego,u13
ego,u14
ego,u15
ego,u16
ego,u17
ego,u18
ego,u19
ego,u20
ego,u21
ego,u22
ego,u23
ego,u24
ego,u25
ego,u26
ego,u27
ego,u28
ego,u29
ego,u30
clone_a,ego
clone_b,ego
clone_partial,ego
u01,u02
u01,u10
u01,u03
u01,u05
u01,u07
u01,u11
u02,u03
u02,u05
u02,u23
u03,u04
u03,u06
clone_a,u03
u04,u05
u04,u08
u05,u06
u05,u09
clone_a,u05
u06,u07
u07,u08
u07,u10
u07,u15
u08,u09
clone_a,u08
u09,u10
u11,u12
u11,u20
u11,u13
u11,u15
u11,u17
u11,u21
u12,u13
u12,u15
u13,u14
u13,u16
u14,u15
u14,u18
clone_b,u14
u15,u16
u15,u19
u16,u17
u16,u28
u17,u18
u17,u20
clone_b,u17
u18,u19
u19,u20
clone_b,u19
u21,u22
u21,u30
u21,u23
u21,u25
u21,u27
u22,u23
u22,u25
u23,u24
u23,u26
u24,u25
u24,u28
u25,u26
u25,u29
clone_partial,u25
u26,u27
u27,u28
u27,u30
u28,u29
clone_partial,u28
u29,u30
clone_partial,u29
